x,        y,         z,    speed,    acceleration,      cur,  cur_ch_r, time,    theta,          gear, s,          throttle, brake, steering
215735.1, 2546230.0, 27.8, 1.16e-06, 6.92111916578e-06, -0.0, -0.0,     310.713, -1.23262802429, 1,    1.169e-08,  0.0,      0.0, -0.0
215735.1, 2546230.0, 27.8, 1.25e-06, 6.92089633958e-06, -0.0, 0.0,      310.813, -1.23262802429, 1,    2.42e-08,   0.0,      0.0, -0.0
215735.1, 2546230.0, 27.8, 1.33e-06, 6.91620516591e-06, -0.0, 0.0,      310.913, -1.23262802429, 1,    3.759e-08,  0.0,      0.0, -0.0
215735.1, 2546230.0, 27.8, 1.33e-06, 6.91621244187e-06, -0.0, 0.0,      311.014, -1.23262802429, 1,    5.098e-08,  0.0,      0.0, -0.0
215735.1, 2546230.0, 27.8, 1.42e-06, 6.91619652571e-06, -0.0, 0.0,      311.114, -1.23262802429, 1,    6.517e-08,  0.0,      0.0, -0.0
215735.1, 2546230.0, 27.8, 1.48e-06, 6.93200308888e-06, -0.0, 0.0,      311.218, -1.23262802429, 1,    8.001e-08,  0.0,      0.0, -0.0
215735.1, 2546230.0, 27.8, 1.37e-06, 7.13465851732e-06, -0.0, 0.0,      311.319, -1.23262802429, 1,    9.387e-08,  0.0,      0.0, -0.0
215735.1, 2546230.0, 27.8, 1.07-06,  6.91422019372e-06, -0.0, 0.0,      311.417, -1.23262802429, 1,    1.043e-07,  0.0,      0.0, -0.0
215735.1, 2546230.0, 27.8, 7.71e-07, 6.92427465765e-06, -0.0, 0.0,      311.517, -1.23262802429, 1,    1.124e-07,  0.0,      0.0, -0.0
215735.1, 2546230.0, 27.8, 5.95e-07, 6.95072003509e-06, -0.0, 0.0,      311.617, -1.23262802429, 1,    1.185e-07,  0.0,      0.0, -0.0
215735.1, 2546230.0, 27.8, 5.08e-07, 6.94483469488e-06, -0.0, 0.0,      311.717, -1.23262802429, 1,    1.233e-07,  0.0,      0.0, -0.0
215735.1, 2546230.0, 27.8, 3.68e-07, 6.9401876317e-06,  -0.0, 0.0,      311.817, -1.23262802429, 1,    1.26e-07,   0.0,      0.0, -0.0
215735.1, 2546230.0, 27.8, 2.22e-07, 6.95618746249e-06, -0.0, 0.0,      311.917, -1.23262802429, 1,    1.291e-07,  0.0,      0.0, -0.0
215735.1, 2546230.0, 27.8, 2.22e-07, 7.02506258676e-06, -0.0, 0.0,      312.017, -1.23262802429, 1,    1.312e-07,  0.0,      0.0, -0.0
215735.1, 2546230.0, 27.8, 1.49-07,  6.97223731549e-06, -0.0, 0.0,      312.117, -1.23262802429, 1,    1.321e-07,  0.0,      0.0, -0.0
215735.1, 2546230.0, 27.8, 2.32e-07, 6.95174458087e-06, -0.0, 0.0,      312.224, -1.23262802429, 1,    1.356e-07,  0.0,      0.0, -0.0
215735.1, 2546230.0, 27.8, 3.58e-07, 6.95643757354e-06, -0.0, 0.0,      312.323, -1.23262802429, 1,    1.383e-07,  0.0,      0.0, -0.0
215735.1, 2546230.0, 27.8, 0.202,    4.13635826111,     -0.0, 0.0,      312.424, -1.23262176483, 1,    0.001476,   100.0,    0.0, -0.0
215735.2, 2546229.9, 27.8, 0.625,    -0.0276021845639,  -0.0, 0.0,      312.524, -1.23261291391, 1,    0.00779,    0.0,      0.0, -0.0
215735.2, 2546229.9, 27.8, 0.706,    4.27811813354,     -0.0, 0.0,      312.624, -1.23260894885, 1,    0.01425,    100.0,    0.0, -0.0
215735.2, 2546229.8, 27.8, 1.14,     4.36146640778,     -0.0, 0.0,      312.724, -1.2325976349,  1,    0.02301,    100.0,    0.0, -0.0
215735.2, 2546229.7, 27.8, 1.23,     -0.0435771085322,  -0.0, 0.0,      312.824, -1.23259213446, 1,    0.03272,    0.0,      0.0, -0.0
215735.3, 2546229.5, 27.8, 1.72,     4.51036643982,     -0.0, 0.0,      312.924, -1.23257665616, 1,    0.05561,    100.0,    0.0, -0.0
215735.4, 2546229.4, 27.8, 1.72,     -0.0533916801214,  -0.0, 0.0,      313.024, -1.23257106214, 1,    0.0785,     100.0,    0.0, -0.0
215735.4, 2546229.2, 27.8, 1.85,     4.62368583679,     -0.0, 0.0,      313.124, -1.23255792295, 1,    0.09886,    100.0,    0.0, -0.0
215735.53841, 2546229.00793, 27.8432844607, 2.23859262466, -0.0637737438083, -0.0, 0.0, 1580910313.2248, -1.23254526241, 1, 0.114491275235, 0.0, 0.0, -0.0
215735.613942, 2546228.79318, 27.8440381992, 2.23468446732, 4.72359037399, -0.0, 0.0, 1580910313.3240, -1.23254041443, 1, 0.136838119908, 0.0, 0.0, -0.0
215735.690034, 2546228.57683, 27.8438639967, 2.56773400307, -0.0655080229044, -0.0, 0.0, 1580910313.4242, -1.23252673516, 1, 0.162515459939, 0.0, 0.0, -0.0
215735.78354, 2546228.31104, 27.8447691924, 2.56274056435, -0.0598106011748, -0.0, 0.0, 1580910313.5245, -1.23252665632, 1, 0.188142865583, 0.0, 0.0, -0.0
215735.859915, 2546228.09395, 27.845512162, 2.55704760551, -0.0586954504251, 0.00409706580909, 0.160226418947, 1580910313.6290, -1.23230466371, 1, 0.213713341638, 0.0, 0.0, 2.27741837502
215735.940659, 2546227.86491, 27.8453304097, 2.73302698135, -0.0583841279149, -0.0, -0.149909453403, 1580910313.7244, -1.23134432868, 1, 0.241043611451, 0.0, 0.0, -0.0
215736.049762, 2546227.55602, 27.845726131, 2.72812318802, -0.0561788752675, -0.0, 0.0, 1580910313.8242, -1.2312885267, 1, 0.268324843331, 0.0, 0.0, -0.0
215736.137032, 2546227.30888, 27.845020825, 3.20150136948, 4.87757015228, -0.0, 0.0, 1580910313.9242, -1.23127191039, 1, 0.300339857026, 100.0, 0.0, -0.0
215736.236705, 2546227.02659, 27.843559077, 3.20150136948, -0.0797853767872, -0.0, 0.0, 1580910314.0246, -1.23124410494, 1, 0.332354870721, 100.0, 0.0, -0.0
215736.373047, 2546226.64082, 27.8441082174, 3.41236901283, -0.105557687581, -0.0, 0.0, 1580910314.1242, -1.22953990549, 1, 0.366478560849, 0.0, 0.0, -0.0
215736.464306, 2546226.38455, 27.8448943701, 3.40366268158, -0.073093906045, 0.00817109510362, 0.240067711405, 1580910314.2244, -1.22637718727, 1, 0.400515187665, 0.0, 0.0, 4.54141712189
215736.616626, 2546225.96026, 27.8451875956, 3.3967487812, 4.99794435501, -0.0, -0.240556356385, 1580910314.3243, -1.22586254271, 1, 0.434482675477, 0.0, 0.0, -0.0
215736.715257, 2546225.6858, 27.8450716441, 3.6441962719, -0.0778158307076, -0.0, 0.0, 1580910314.4248, -1.22584622638, 1, 0.470924638196, 0.0, 0.0, -0.0
215736.852898, 2546225.30275, 27.8450634563, 3.72133421898, 5.04499149323, -0.0, 0.0, 1580910314.5245, -1.22583689181, 1, 0.508137980386, 100.0, 0.0, -0.0
215736.988981, 2546224.92397, 27.8442375292, 4.04388237, -0.0909541398287, -0.0, 0.0, 1580910314.6245, -1.22581300601, 1, 0.548576804086, 0.0, 0.0, -0.0
215737.139971, 2546224.50378, 27.8446596945, 4.03568744659, 4.92000007629, -0.0, 0.0, 1580910314.7241, -1.22580866873, 1, 0.588933678552, 0.0, 0.0, -0.0
215737.268919, 2546224.14496, 27.8446002486, 4.23736858368, -0.0977564305067, 0.00789777951521, 0.186384057918, 1580910314.8241, -1.22516109406, 1, 0.631307364389, 0.0, 0.0, 4.38956308365
215737.412297, 2546223.74702, 27.8452202189, 4.22856140137, -0.0887096896768, -0.0, -0.186772255752, 1580910314.9241, -1.22429166924, 1, 0.673592978402, 0.0, 0.0, -0.0
215737.581071, 2546223.2795, 27.8440526845, 4.72295188904, 5.1858830452, -0.0, 0.0, 1580910315.0243, -1.22419945946, 1, 0.720822497293, 100.0, 0.0, -0.0
215737.716517, 2546222.90435, 27.8427511211, 4.72295188904, -0.10731755197, -0.0, 0.0, 1580910315.1242, -1.224157978, 1, 0.768052016183, 100.0, 0.0, -0.0
215737.923005, 2546222.33268, 27.8434110666, 5.05977296829, 4.96870946884, -0.0, 0.0, 1580910315.2240, -1.22414478516, 1, 0.818649745866, 0.0, 0.0, -0.0
215738.06893, 2546221.92862, 27.8428852037, 5.23877286911, 2.76399850845, -0.0, 0.0, 1580910315.3244, -1.22411588851, 1, 0.871037474557, 100.0, 0.0, -0.0
215738.275607, 2546221.35645, 27.8433441743, 5.5310087204, 2.86198711395, -0.0, 0.0, 1580910315.4243, -1.22409613253, 1, 0.926347561761, 0.0, 0.0, -0.0
215738.490544, 2546220.76144, 27.84341344, 5.76279115677, -0.132712036371, -0.0, 0.0, 1580910315.5244, -1.2240702316, 1, 0.983975473329, 100.0, 0.0, -0.0
215738.686933, 2546220.2179, 27.8443433261, 5.78351545334, -0.126594483852, -0.0, 0.0, 1580910315.6243, -1.22406653473, 1, 1.04181062786, 0.0, 0.0, -0.0
215738.86571, 2546219.72309, 27.8446134855, 5.77230119705, 5.37489652634, -0.0, 0.0, 1580910315.7241, -1.22405923868, 1, 1.09953363983, 0.0, 0.0, -0.0
215739.03582, 2546219.25217, 27.8432880538, 6.3904876709, 5.43334674835, -0.0, 0.0, 1580910315.8243, -1.22402080829, 1, 1.16343851654, 100.0, 0.0, -0.0
215739.326396, 2546218.44791, 27.8427814557, 6.58303165436, -0.153675526381, -0.0, 0.0, 1580910315.9327, -1.22397217017, 1, 1.22926883309, 0.0, 0.0, -0.0
215739.484247, 2546218.01113, 27.8432326051, 6.81462574005, 5.40105485916, -0.0, 0.0, 1580910316.0243, -1.22396434771, 1, 1.29741509049, 100.0, 0.0, -0.0
215739.771405, 2546217.21646, 27.8424327252, 7.1252822876, -0.167047321796, -0.0, 0.0, 1580910316.1242, -1.22390955151, 1, 1.36866791336, 0.0, 0.0, -0.0
215740.013267, 2546216.54734, 27.8434010521, 7.10968160629, -0.161657705903, -0.0, 0.0, 1580910316.2297, -1.22389821742, 1, 1.43976472942, 0.0, 0.0, -0.0
215740.230573, 2546215.94641, 27.8444192261, 7.10968160629, -0.268042474985, -0.0, 0.0, 1580910316.3264, -1.22148238255, 1, 1.51086154549, 0.0, 0.0, -0.0
215740.497744, 2546215.21569, 27.8453869498, 7.08477878571, -0.3925319314, 0.0207288595901, 0.292583018004, 1580910316.4262, -1.20297657483, 1, 1.58170933334, 0.0, 0.0, 11.5096082687
215740.77612, 2546214.49539, 27.8460886395, 7.04689455032, -0.676613330841, 0.0395961606349, 0.267739227685, 1580910316.5265, -1.16440437978, 1, 1.65217827885, 0.0, 0.0, 21.9184188843
215741.049902, 2546213.85765, 27.8466326578, 6.98021507263, -1.03660345078, 0.0605539848751, 0.300246110215, 1580910316.6267, -1.11171828649, 1, 1.72198042957, 0.0, 0.0, 33.3330764771
215741.353807, 2546213.24032, 27.8469033686, 6.90695047379, 0.0961264446378, 0.0653806175466, 0.0698808061507, 1580910316.7264, -1.05309125136, 1, 1.79104993431, 0.0, 0.0, 35.9324111938
215741.621707, 2546212.75945, 27.8468673513, 6.8945941925, 0.0213370807469, 0.0470424506888, -0.265978915449, 1580910316.8265, -1.01487326634, 1, 1.85999587624, 0.0, 0.0, 25.9954566956
215742.056976, 2546212.05739, 27.8467164196, 6.89034461975, -0.0382722653449, 0.0268811835304, -0.292601724167, 1580910316.9263, -0.975681271459, 1, 1.92889932243, 0.0, 0.0, 14.9138746262
215742.401333, 2546211.54258, 27.8465991064, 6.88206148148, -0.105898708105, 0.0102624904866, -0.241478415857, 1580910317.0264, -0.9612196481, 1, 1.99771993725, 0.0, 0.0, 5.70319986343
215742.753348, 2546211.03428, 27.8465117151, 6.86405849457, -0.238875761628, -0.0118527536939, -0.322189040173, 1580910317.1266, -0.959993609319, 1, 2.06636052219, 0.0, 0.0, -6.58633422852
215743.222399, 2546210.3606, 27.8464781924, 6.83145809174, -0.47259542346, -0.0318523108515, -0.292756786166, 1580910317.2268, -0.979465123586, 1, 2.13467510311, 0.0, 0.0, -17.6580123901
215743.526511, 2546209.91028, 27.8465390725, 6.78243112564, -0.619898915291, -0.0513550182811, -0.287547445278, 1580910317.3265, -1.00632443509, 1, 2.20249941437, 0.0, 0.0, -28.3465232849
215743.95538, 2546209.22697, 27.8467610513, 6.70738506317, -0.90810585022, -0.0718184965198, -0.305088764787, 1580910317.4266, -1.06495053434, 1, 2.269573265, 0.0, 0.0, -39.3793334961
215744.278913, 2546208.64426, 27.8468189077, 6.67984390259, -0.156177252531, -0.0534298308684, 0.275285858765, 1580910317.5264, -1.11966291888, 1, 2.33637170403, 0.0, 0.0, -29.47473526
215744.543593, 2546208.10577, 27.8467034001, 6.67984390259, 0.0288685951382, -0.0534298308684, 0.0, 1580910317.6263, -1.15829892337, 1, 2.40317014305, 0.0, 0.0, -29.47473526
215744.839248, 2546207.43425, 27.8465709237, 6.67742156982, -0.005313124042, -0.0310069003502, 0.335802229704, 1580910317.7265, -1.18931226353, 1, 2.46994435875, 0.0, 0.0, -17.1917972565
215745.040583, 2546206.94033, 27.8465019087, 6.66987895966, -0.11869520694, -0.0113650270418, 0.294486203232, 1580910317.8267, -1.2000648624, 1, 2.53664314835, 0.0, 0.0, -6.31550788879
215745.33947, 2546206.1755, 27.8450341639, 6.7889084816, 5.5108704567, -0.0, 0.167405807172, 1580910317.9265, -1.20327077938, 1, 2.60453223316, 100.0, 0.0, -0.0
215745.550218, 2546205.6288, 27.8433221327, 7.34005737305, -0.145681858063, -0.0, 0.0, 1580910318.0264, -1.20353392565, 1, 2.67793280689, 100.0, 0.0, -0.0
215745.867734, 2546204.80336, 27.8436792237, 7.37029695511, -0.202620461583, -0.0, 0.0, 1580910318.1262, -1.20409998916, 1, 2.75163577644, 0.0, 0.0, -0.0
215746.078379, 2546204.25448, 27.8444357701, 7.34868860245, -0.365940690041, -0.0163916798074, -0.223055849746, 1580910318.2287, -1.21104238751, 1, 2.82512266247, 0.0, 0.0, -9.10536670685
215746.335848, 2546203.56962, 27.845285533, 7.3128786087, -0.550184905529, -0.0362794552916, -0.271955498626, 1580910318.3267, -1.23428789006, 1, 2.89825144856, 0.0, 0.0, -20.0960102081
215746.599974, 2546202.8146, 27.8458951856, 7.27103281021, -0.0921152234077, -0.0348069556042, 0.0202515890915, 1580910318.4266, -1.27375311112, 1, 2.97096177666, 0.0, 0.0, -19.2857761383
215746.816044, 2546202.12142, 27.8460913729, 7.26042938232, -0.0670422464609, -0.0155260284516, 0.265561802716, 1580910318.5262, -1.30147161483, 1, 3.04356607048, 0.0, 0.0, -8.62515258789
215747.0134, 2546201.42093, 27.8459624625, 7.37976312637, 5.31030511856, -0.0, 0.21038654203, 1580910318.6263, -1.31424436761, 1, 3.11736370175, 100.0, 0.0, -0.0
215747.190616, 2546200.75451, 27.8440426318, 7.93589544296, 5.58797883987, -0.0, 0.0, 1580910318.7265, -1.31666454349, 1, 3.19672265617, 100.0, 0.0, -0.0
215747.440275, 2546199.79628, 27.8412395716, 8.55709171295, 5.63852357864, -0.0, 0.0, 1580910318.8264, -1.31718202939, 1, 3.2822935733, 100.0, 0.0, -0.0
215747.61409, 2546199.1259, 27.8407790223, 8.65377426147, -0.212324216962, -0.0, 0.0, 1580910318.9265, -1.3172085002, 1, 3.36883131592, 0.0, 0.0, -0.0
215747.874256, 2546198.12184, 27.8425030871, 8.63455581665, -0.218050464988, 0.0106139122998, 0.122923663072, 1580910319.0262, -1.31660643029, 1, 3.45517687409, 0.0, 0.0, 5.89837932587
215748.069362, 2546197.37104, 27.8438213151, 8.63455581665, -0.206019386649, 0.0106139122998, 0.0, 1580910319.1266, -1.30753759651, 1, 3.54152243225, 0.0, 0.0, 5.89837932587
215748.33653, 2546196.3743, 27.8449533349, 8.60617828369, -0.184053301811, 0.00938202733067, -0.0143139606054, 1580910319.2269, -1.29600328237, 1, 3.62758421509, 0.0, 0.0, 5.2141418457
215748.520387, 2546195.71275, 27.8453807393, 8.5867767334, -0.18071295321, -0.0, -0.109261340104, 1580910319.3265, -1.2942521637, 1, 3.71345198242, 0.0, 0.0, -0.0
215748.729664, 2546194.97055, 27.8456632621, 8.56898784637, -0.177956536412, -0.0, 0.0, 1580910319.4268, -1.29370951379, 1, 3.79914186089, 0.0, 0.0, -0.0
215749.009796, 2546193.98354, 27.8458511047, 8.54948806763, -0.176435634494, -0.0, 0.0, 1580910319.5264, -1.29355593709, 1, 3.88463674156, 0.0, 0.0, -0.0
215749.219851, 2546193.24498, 27.8459170708, 8.52828884125, -0.175584748387, -0.0, 0.0, 1580910319.6264, -1.29353542283, 1, 3.96991962998, 0.0, 0.0, -0.0
215749.476187, 2546192.34419, 27.8459570706, 8.5106754303, -0.174561232328, -0.0, 0.0, 1580910319.7272, -1.29353106787, 1, 4.05502638428, 0.0, 0.0, -0.0
215749.662284, 2546191.69051, 27.8459833162, 8.48723125458, -0.277564138174, 0.0149754115423, 0.176446370943, 1580910319.8264, -1.29022732489, 1, 4.13989869682, 0.0, 0.0, 8.31964683533
215749.944447, 2546190.71403, 27.8460366949, 8.46077919006, -0.150538116693, 0.00430300242133, -0.126139790216, 1580910319.9264, -1.27357046654, 1, 4.22450648872, 0.0, 0.0, 2.39188027382
215750.139151, 2546190.06641, 27.8460349161, 8.44166088104, -0.172999247909, -0.0, -0.050973410114, 1580910320.0262, -1.26868950839, 1, 4.30892309754, 0.0, 0.0, -0.0
215750.438001, 2546189.09925, 27.8460253049, 8.42424583435, -0.172406256199, -0.0, 0.0, 1580910320.1264, -1.26705745961, 1, 4.39316555588, 0.0, 0.0, -0.0
215750.613677, 2546188.53671, 27.8460207698, 8.42424583435, -0.176551416516, -0.0, 0.0, 1580910320.2266, -1.26681799905, 1, 4.47740801422, 0.0, 0.0, -0.0
215750.940715, 2546187.49516, 27.8460504045, 8.40427970886, -0.217413797975, 0.00688624087347, 0.0819373118461, 1580910320.3265, -1.25704928898, 1, 4.56145081131, 0.0, 0.0, 3.8275077343
215751.19732, 2546186.69803, 27.8460570904, 8.37835407257, -0.168002948165, 0.0085517955293, 0.019879258401, 1580910320.4262, -1.24700367179, 1, 4.64523435204, 0.0, 0.0, 4.75292491913
215751.407642, 2546186.06324, 27.8460505656, 8.35980319977, -0.170268908143, -0.0, -0.10229661303, 1580910320.5266, -1.24466365446, 1, 4.72883238403, 0.0, 0.0, -0.0
215751.700273, 2546185.19346, 27.8460411401, 8.34087467194, -0.169867783785, -0.0, 0.0, 1580910320.6266, -1.24390243615, 1, 4.81224113075, 0.0, 0.0, -0.0
215751.947679, 2546184.46242, 27.8446215317, 8.68110942841, 5.64767742157, -0.0, 0.0, 1580910320.7263, -1.24375669582, 1, 4.89905222504, 100.0, 0.0, -0.0
215752.295527, 2546183.43626, 27.8426997596, 9.07336139679, -0.208418667316, -0.0, 0.0, 1580910320.8264, -1.24365157098, 1, 4.98978583901, 0.0, 0.0, -0.0
215752.586408, 2546182.57888, 27.843386774, 9.0547876358, -0.206249430776, -0.0, 0.0, 1580910320.9262, -1.24362893324, 1, 5.08033371536, 0.0, 0.0, -0.0
215752.876737, 2546181.72336, 27.8443143838, 9.03401374817, -0.199006050825, -0.0, 0.0, 1580910321.0264, -1.2436250932, 1, 5.17067385285, 0.0, 0.0, -0.0
215753.137546, 2546180.95487, 27.8449406992, 9.01513767242, -0.193153217435, -0.0, 0.0, 1580910321.1265, -1.24362584942, 1, 5.26082522957, 0.0, 0.0, -0.0
215753.426787, 2546180.10275, 27.8453894667, 8.99214363098, -0.198204740882, 0.00853212850316, 0.0948842551153, 1580910321.2264, -1.24052322901, 1, 5.35074666588, 0.0, 0.0, 4.74199867249
215753.717121, 2546179.25305, 27.8456415329, 8.97332000732, -0.18750987947, -0.0, -0.0950832968867, 1580910321.3264, -1.23677470354, 1, 5.44047986595, 0.0, 0.0, -0.0
215754.009723, 2546178.40609, 27.8457704689, 8.9527349472, -0.186343356967, -0.0, 0.0, 1580910321.4268, -1.2359072558, 1, 5.53000721542, 0.0, 0.0, -0.0
215754.303104, 2546177.56135, 27.8458345472, 8.93033981323, -0.185147255659, -0.0, 0.0, 1580910321.5262, -1.23570836539, 1, 5.61931061356, 0.0, 0.0, -0.0
215754.59638, 2546176.71854, 27.8458664198, 8.93033981323, -0.184559091926, -0.0, 0.0, 1580910321.6285, -1.23566377081, 1, 5.70861401169, 0.0, 0.0, -0.0
215754.918447, 2546175.79365, 27.8458922394, 8.90801620483, -0.256883472204, -0.0, 0.0, 1580910321.7278, -1.23323884433, 1, 5.79769417374, 0.0, 0.0, -0.0
215755.182649, 2546175.03946, 27.8459268482, 8.88338184357, -0.161623463035, 0.0153533340199, 0.172832084563, 1580910321.8276, -1.22295248661, 1, 5.88652799217, 0.0, 0.0, 8.52933883667
215755.512129, 2546174.12213, 27.8459300045, 8.86457157135, -0.182923153043, 0.000105425119698, -0.172009541324, 1580910321.9274, -1.21720331824, 1, 5.97517370789, 0.0, 0.0, 0.0586048699915
215755.785899, 2546173.37488, 27.8459265707, 8.84427833557, -0.182583361864, -0.0, -0.00119201494682, 1580910322.0277, -1.21619203935, 1, 6.06361649124, 0.0, 0.0, -0.0
215756.091512, 2546172.54699, 27.8459234852, 8.82586669922, -0.181763976812, -0.0, 0.0, 1580910322.1276, -1.21591533578, 1, 6.15187515823, 0.0, 0.0, -0.0
215756.397257, 2546171.72111, 27.8459221362, 8.80568122864, -0.181504592299, -0.0, 0.0, 1580910322.2278, -1.21585408377, 1, 6.23993197052, 0.0, 0.0, -0.0
215756.702613, 2546170.89703, 27.8459227839, 8.78738594055, -0.181044504046, -0.0, 0.0, 1580910322.3277, -1.21584163942, 1, 6.32780582993, 0.0, 0.0, -0.0
215757.00741, 2546170.0747, 27.8459250089, 8.76913928986, -0.180673509836, -0.0, 0.0, 1580910322.4277, -1.21584046626, 1, 6.41549722283, 0.0, 0.0, -0.0
215757.341975, 2546169.1721, 27.8459283044, 8.74912261963, -0.180012524128, -0.0, 0.0, 1580910322.5276, -1.21584217587, 1, 6.50298844902, 0.0, 0.0, -0.0
215757.645463, 2546168.35335, 27.8459319314, 8.72916221619, -0.179826676846, -0.0, 0.0, 1580910322.6284, -1.21584408264, 1, 6.59028007118, 0.0, 0.0, -0.0
215757.887798, 2546167.69957, 27.845935219, 8.70924186707, -0.179639294744, -0.0, 0.0, 1580910322.7277, -1.21584573882, 1, 6.67737248985, 0.0, 0.0, -0.0
215758.221809, 2546166.79844, 27.8455935535, 8.81991481781, 5.47505569458, -0.0, 0.0, 1580910322.8278, -1.21584409008, 1, 6.76557163803, 100.0, 0.0, -0.0
215758.50704, 2546166.02875, 27.8437966839, 9.20432090759, -0.134309664369, -0.0, 0.0, 1580910322.9278, -1.21579965885, 1, 6.85761484711, 0.0, 0.0, -0.0
215758.890539, 2546164.99407, 27.8438304635, 9.18323516846, -0.205346465111, -0.0, 0.0, 1580910323.0277, -1.21577061286, 1, 6.94944719879, 0.0, 0.0, -0.0
215759.241233, 2546164.04808, 27.8445733921, 9.16401386261, -0.200596347451, -0.0, 0.0, 1580910323.1279, -1.2157677008, 1, 7.04108733742, 0.0, 0.0, -0.0
215759.527588, 2546163.27569, 27.8450680329, 9.14481735229, -0.195808649063, -0.0, 0.0, 1580910323.2277, -1.21576892878, 1, 7.13253551094, 0.0, 0.0, -0.0
215759.84515, 2546162.41913, 27.8454270931, 9.14481735229, -0.205202564597, -0.0, 0.0, 1580910323.3277, -1.21594802701, 1, 7.22398368446, 0.0, 0.0, -0.0
215760.12998, 2546161.65007, 27.8456438202, 9.12263870239, -0.416347056627, -0.009820789655, -0.107652949715, 1580910323.4278, -1.22390480356, 1, 7.31521007149, 0.0, 0.0, -5.45786333084
215760.440145, 2546160.79657, 27.8457953548, 9.08252811432, -0.139625996351, -0.022357703798, -0.138033309506, 1580910323.5280, -1.24509743076, 1, 7.40603535263, 0.0, 0.0, -12.4116659164
215760.735838, 2546159.93979, 27.8458261252, 9.06441879272, -0.189467042685, -0.00100693125151, 0.235544859905, 1580910323.6280, -1.25656678577, 1, 7.49667954056, 0.0, 0.0, -0.559742450714
215761.047704, 2546158.99514, 27.8458454078, 9.0416135788, -0.187580481172, -0.0, 0.0111366322253, 1580910323.7278, -1.25935875375, 1, 7.58709567635, 0.0, 0.0, -0.0
215761.270437, 2546158.30831, 27.845854634, 9.02079486847, -0.187001213431, -0.0, 0.0, 1580910323.8277, -1.25983546885, 1, 7.67730362503, 0.0, 0.0, -0.0
215761.601879, 2546157.27959, 27.8458647989, 9.00195980072, -0.186249315739, -0.0, 0.0, 1580910323.9276, -1.26001516238, 1, 7.76732322304, 0.0, 0.0, -0.0
215761.883653, 2546156.40273, 27.8444577735, 9.28354549408, 5.66818332672, -0.0, 0.0, 1580910324.0278, -1.26001856269, 1, 7.86015867798, 100.0, 0.0, -0.0
215762.18065, 2546155.47777, 27.8423369294, 9.79683876038, -0.200700491667, -0.0, 0.0, 1580910324.1277, -1.25995112642, 1, 7.95812706558, 0.0, 0.0, -0.0
215762.479778, 2546154.54637, 27.8427380533, 9.77659988403, -0.226984396577, -0.0, 0.0, 1580910324.2279, -1.25992157474, 1, 8.05589306442, 0.0, 0.0, -0.0
215762.778295, 2546153.6171, 27.843758455, 9.75381660461, -0.219061523676, -0.0, 0.0, 1580910324.3276, -1.25991658494, 1, 8.15343123047, 0.0, 0.0, -0.0
215763.076223, 2546152.68975, 27.8445787961, 9.7329044342, -0.228028729558, -0.00487407414708, -0.0500783109506, 1580910324.4275, -1.26030471319, 1, 8.25076027481, 0.0, 0.0, -2.7092795372
215763.372913, 2546151.76461, 27.8451213557, 9.70327568054, -0.203090310097, -0.00815220066122, -0.0337837099766, 1580910324.5280, -1.26962730669, 1, 8.34779303162, 0.0, 0.0, -4.53091955185
215763.663482, 2546150.83983, 27.8454106352, 9.6829252243, -0.206573992968, -0.0, 0.0841915069298, 1580910324.6278, -1.27813130087, 1, 8.44462228386, 0.0, 0.0, -0.0
215763.946014, 2546149.91467, 27.8455618974, 9.6829252243, -0.204681754112, -0.0, 0.0, 1580910324.7276, -1.28034585136, 1, 8.5414515361, 0.0, 0.0, -0.0
215764.223953, 2546148.9905, 27.8456551749, 9.6578578949, -0.344217598438, -0.0050548370371, -0.0523391117587, 1580910324.8277, -1.28621446042, 1, 8.63803011505, 0.0, 0.0, -2.80974388123
215764.49566, 2546148.06811, 27.8457475286, 9.62546062469, -0.190131768584, -0.0244507373195, -0.201506203585, 1580910324.9277, -1.3067337843, 1, 8.7342847213, 0.0, 0.0, -13.5700073242
215764.752483, 2546147.14375, 27.8457436231, 9.59617710114, -0.201300397515, -0.00982362858614, 0.152426415011, 1580910325.0277, -1.32330143274, 1, 8.83024649231, 0.0, 0.0, -5.45944023132
215764.946266, 2546146.40266, 27.8457411528, 9.57115745544, -0.248080924153, -0.00898395001578, 0.00877300968324, 1580910325.1277, -1.32989841585, 1, 8.92595806687, 0.0, 0.0, -4.99300575256
215765.223131, 2546145.29095, 27.8457699702, 9.54020595551, -0.175823822618, -0.0125225300666, -0.0370912333265, 1580910325.2277, -1.34757694692, 1, 9.02136012642, 0.0, 0.0, -6.95820808411
215765.43976, 2546144.36351, 27.8457625657, 9.51856040955, -0.200435444713, -0.0, 0.131559075404, 1580910325.3278, -1.35521507228, 1, 9.11654573052, 0.0, 0.0, -0.0
215765.646829, 2546143.43601, 27.8457608391, 9.4957742691, -0.256709605455, -0.00754934583179, -0.0795021618864, 1580910325.4278, -1.35807535259, 1, 9.21150347321, 0.0, 0.0, -4.19596576691
215765.828498, 2546142.60274, 27.8458012664, 9.46165275574, -0.471053183079, -0.0254513151896, -0.189205520642, 1580910325.5276, -1.36975266674, 1, 9.30612000076, 0.0, 0.0, -14.1234207153
215766.037878, 2546141.58741, 27.8459564634, 9.39249420166, -0.845405578613, -0.0455987652474, -0.214505855688, 1580910325.6277, -1.40568075305, 1, 9.40004494278, 0.0, 0.0, -25.2066726685
215766.198864, 2546140.66776, 27.846182415, 9.30348777771, -0.579393088818, -0.0485743356027, -0.0319833854407, 1580910325.7277, -1.46058726343, 1, 9.49307982056, 0.0, 0.0, -26.831495285
215766.31426, 2546139.74592, 27.8461327075, 9.30348777771, -0.160233110189, -0.0485743356027, 0.0, 1580910325.8278, -1.51366632478, 1, 9.58611469833, 0.0, 0.0, -26.831495285
215766.386808, 2546138.72842, 27.845988343, 9.27856063843, -0.142941236496, -0.0254619370521, 0.249094654346, 1580910325.9280, -1.55094625951, 1, 9.67890030472, 0.0, 0.0, -14.1292943954
215766.414907, 2546137.89613, 27.845942629, 9.25973033905, -0.372066736221, -0.0098694285268, 0.168390524933, 1580910326.0277, -1.56882166488, 1, 9.77149760811, 0.0, 0.0, -5.48487997055
215766.423948, 2546136.97495, 27.8460356719, 9.2269449234, -0.506212592125, -0.027483346316, -0.190896531142, 1580910326.1280, -1.59780374796, 1, 9.86376705734, 0.0, 0.0, -15.2466144562
215766.40759, 2546136.0569, 27.846034525, 9.18457889557, -0.140889838338, -0.0202651469536, 0.0785904225381, 1580910326.2276, -1.62634693843, 1, 9.9556128463, 0.0, 0.0, -11.2527112961
215766.370926, 2546135.23269, 27.8459816072, 9.16802787781, -0.191342025995, -0.00438461167723, 0.173216481102, 1580910326.3279, -1.63831097229, 1, 10.0472931251, 0.0, 0.0, -2.43723917007
215766.309044, 2546134.22862, 27.8459495846, 9.14587783813, -0.275685161352, -0.0081560413401, -0.0412363879073, 1580910326.4279, -1.64675581696, 1, 10.1387519035, 0.0, 0.0, -4.53305339813
215766.242658, 2546133.32047, 27.8460216098, 9.10630702972, -0.622691035271, -0.0275120084457, -0.212555617139, 1580910326.5276, -1.66960370998, 1, 10.2298149738, 0.0, 0.0, -15.2624502182
215766.158252, 2546132.42053, 27.8462144108, 9.04277515411, -0.981005311012, -0.0467980796732, -0.21327602311, 1580910326.6279, -1.7131816468, 1, 10.3202427253, 0.0, 0.0, -25.8619995117
215766.039465, 2546131.53495, 27.8465391945, 8.94267368317, -1.5407037735, -0.0656386866951, -0.210682036374, 1580910326.7281, -1.77742610293, 1, 10.4096694621, 0.0, 0.0, -36.0710372925
215765.889089, 2546130.75824, 27.8469767966, 8.77984714508, -1.72524380684, -0.0865101657114, -0.237720300495, 1580910326.8277, -1.85258534007, 1, 10.4974679336, 0.0, 0.0, -47.1498374939
215765.686779, 2546130.00976, 27.8475634437, 8.56615924835, -2.05808544159, -0.10336821149, -0.196798183296, 1580910326.9279, -1.94167128123, 1, 10.5831295261, 0.0, 0.0, -55.8806533813
215765.323158, 2546129.06299, 27.8479301685, 8.45875358582, -0.336023628712, -0.0832887061906, 0.237381371807, 1580910327.0276, -2.06444839093, 1, 10.6677170619, 0.0, 0.0, -45.4581108093
215764.980325, 2546128.39289, 27.8480545131, 8.33724117279, -1.68463397026, -0.0953871508575, -0.145113286471, 1580910327.1281, -2.14895657278, 1, 10.7510894736, 0.0, 0.0, -51.7736320496
215764.494157, 2546127.63599, 27.8487261864, 8.14701366425, -1.06517612934, -0.10065148308, -0.0646167103673, 1580910327.2278, -2.26238685485, 1, 10.8325596103, 0.0, 0.0, -54.4881515503
215764.040933, 2546127.06878, 27.8488399964, 8.08426094055, -0.413899511099, -0.0829770406727, 0.218627807016, 1580910327.3276, -2.35217909725, 1, 10.9134022197, 0.0, 0.0, -45.2940673828
215763.423668, 2546126.43562, 27.8485082919, 8.04462242126, -0.573639571667, -0.0722858876488, 0.132898133238, 1580910327.4278, -2.44396221844, 1, 10.9938484439, 0.0, 0.0, -39.6286392212
215762.880397, 2546125.96628, 27.8484356806, 8.04462242126, -1.01147377491, -0.0722858876488, 0.0, 1580910327.5288, -2.51423490231, 1, 11.0742946681, 0.0, 0.0, -39.6286392212
215762.244659, 2546125.4963, 27.8483048817, 7.94098806381, -0.110313981771, -0.0796065952984, -0.0921888761296, 1580910327.6278, -2.59154082787, 1, 11.1537045488, 0.0, 0.0, -43.5159225464
215761.643839, 2546125.11589, 27.8479092608, 7.91823959351, -0.0124568464234, -0.056335720977, 0.293889494586, 1580910327.7279, -2.64695690243, 1, 11.2328869447, 0.0, 0.0, -31.0515079498
215760.953722, 2546124.73452, 27.8475631827, 7.90597677231, -0.876742959023, -0.0438725569507, 0.157642305122, 1580910327.8278, -2.69775026465, 1, 11.3119467124, 0.0, 0.0, -24.2624397278
215760.10985, 2546124.33282, 27.8476509654, 7.82778644562, -1.11995184422, -0.0663092350164, -0.286628642996, 1580910327.9278, -2.7740597728, 1, 11.3902245769, 0.0, 0.0, -36.431060791
215759.326653, 2546124.03022, 27.8480760888, 7.70524787903, -1.64012610912, -0.0869115093221, -0.26737977323, 1580910328.0278, -2.86453147825, 1, 11.4672770557, 0.0, 0.0, -47.3600997925
215758.683181, 2546123.84146, 27.8486235412, 7.54882526398, -1.84823787212, -0.106831202506, -0.263878053707, 1580910328.1281, -2.95274944139, 1, 11.5427653083, 0.0, 0.0, -57.6471939087
215757.972877, 2546123.70454, 27.8494849287, 7.33635282516, -2.78580451012, -0.128790336094, -0.299319486278, 1580910328.2278, -3.06396714917, 1, 11.6161288366, 0.0, 0.0, -68.6154403687
215757.416216, 2546123.65554, 27.8503830875, 7.08999013901, -2.58358764648, -0.149026237695, -0.285415088092, 1580910328.3279, 3.12107876325, 1, 11.6870287379, 0.0, 0.0, -78.3391799927
215756.603307, 2546123.68594, 27.8511612937, 6.89492750168, -1.85045206547, -0.135914334532, 0.190167382617, 1580910328.4277, 2.97261970309, 1, 11.755978013, 0.0, 0.0, -72.0822753906
215755.956121, 2546123.80079, 27.8518600692, 6.68516016006, -2.74941945076, -0.158696539753, -0.340787724985, 1580910328.5277, 2.84869378574, 1, 11.8228296146, 0.0, 0.0, -82.8477706909
215755.353434, 2546123.99026, 27.8526958907, 6.43993902206, -1.22628223896, -0.16289613351, -0.0652117006444, 1580910328.6279, 2.72014091123, 1, 11.8872290048, 0.0, 0.0, -84.7770996094
215754.78902, 2546124.25154, 27.8525553118, 6.35211372375, 0.0497135929763, -0.136065661263, 0.422386522243, 1580910328.7278, 2.60061319731, 1, 11.950750142, 0.0, 0.0, -72.1554107666
215754.310621, 2546124.54149, 27.8518548473, 6.32105779648, -0.0523459762335, -0.118127884042, 0.283778092191, 1580910328.8277, 2.5060194815, 1, 12.01396072, 0.0, 0.0, -63.3414497375
215753.76407, 2546124.95432, 27.8507612734, 6.30745267868, 0.231375038624, -0.094863858132, 0.368833934953, 1580910328.9277, 2.40679867835, 1, 12.0770352468, 0.0, 0.0, -51.5026550293
215753.301574, 2546125.37508, 27.8497211423, 6.30597639084, 0.158140942454, -0.075989037128, 0.29931639185, 1580910329.0277, 2.33290722632, 1, 12.1400950107, 0.0, 0.0, -41.5991973877
215752.868805, 2546125.82941, 27.8487851955, 6.30716657639, 0.232301741838, -0.0557566907503, 0.320783447411, 1580910329.1277, 2.27414160054, 1, 12.2031666764, 0.0, 0.0, -30.7376384735
215752.541297, 2546126.21135, 27.8481579983, 6.30658435822, 0.091164059937, -0.0396165963691, 0.255924498341, 1580910329.2299, 2.23748285834, 1, 12.26623252, 0.0, 0.0, -21.9296360016
215752.113131, 2546126.75586, 27.8474860033, 6.30658435822, 0.0218604970723, -0.0396165963691, 0.0, 1580910329.3277, 2.2017749581, 1, 12.3292983636, 0.0, 0.0, -21.9296360016
215751.740354, 2546127.26362, 27.8470543402, 6.30270624161, -0.071043074131, -0.0173415572177, 0.353420234062, 1580910329.4281, 2.1852086679, 1, 12.392325426, 0.0, 0.0, -9.63217735291
215751.376722, 2546127.77687, 27.8467820762, 6.29145526886, -0.119282200933, -0.0, 0.275636660783, 1580910329.5283, 2.18108270353, 1, 12.4552399787, 0.0, 0.0, -0.0
215750.980794, 2546128.34255, 27.8466053552, 6.2777929306, -0.12058211863, -0.0, 0.0, 1580910329.6277, 2.18052480112, 1, 12.518017908, 0.0, 0.0, -0.0
215750.622161, 2546128.85609, 27.8465162907, 6.26423692703, -0.145224705338, -0.0, 0.0, 1580910329.7278, 2.17984268336, 1, 12.5806602773, 0.0, 0.0, -0.0
215750.371981, 2546129.21494, 27.8464947108, 6.24817085266, -0.27535405755, -0.0171595002751, -0.274632379296, 1580910329.8277, 2.17460936627, 1, 12.6431419858, 0.0, 0.0, -9.53121757507
215749.915243, 2546129.88204, 27.8465534153, 6.21365642548, -0.244100257754, -0.0363681510092, -0.309136029075, 1580910329.9277, 2.14755144651, 1, 12.7052785501, 0.0, 0.0, -20.1447925568
215749.610316, 2546130.34899, 27.8465329392, 6.19959592819, -0.0476452223957, -0.0209159944972, 0.249244574824, 1580910330.0278, 2.12616273481, 1, 12.7672745094, 0.0, 0.0, -11.6132698059
215749.250516, 2546130.92728, 27.8464738214, 6.18861246109, -0.106888599694, -0.00176159774532, 0.30951036072, 1580910330.1277, 2.11276739301, 1, 12.829160634, 0.0, 0.0, -0.979248046875
215748.994581, 2546131.35038, 27.8464606937, 6.17267894745, -0.212024778128, -0.0138266688395, -0.195459235721, 1580910330.2280, 2.10801435022, 1, 12.8908874234, 0.0, 0.0, -7.68214559555
215748.647645, 2546131.93336, 27.846456582, 6.15945291519, -0.117743238807, -0.0, 0.224478846253, 1580910330.3279, 2.09962621067, 1, 12.9524819526, 0.0, 0.0, -0.0
215748.367557, 2546132.41137, 27.8464494736, 6.15945291519, -0.130193591118, -0.0, 0.0, 1580910330.4277, 2.09802533678, 1, 13.0140764817, 0.0, 0.0, -0.0
215747.997413, 2546133.04827, 27.8464718414, 6.14503860474, -0.295812010765, -0.00956524299609, -0.155657980549, 1580910330.5277, 2.08839380366, 1, 13.0755268678, 0.0, 0.0, -5.31591558456
215747.785298, 2546133.41968, 27.8465274039, 6.11838960648, -0.393290817738, -0.0300145841187, -0.334227508182, 1580910330.6281, 2.07376351951, 1, 13.1367107639, 0.0, 0.0, -16.644317627
215747.408221, 2546134.11399, 27.8465926449, 6.08391666412, -0.0155281526968, -0.0402730064348, -0.168615431185, 1580910330.7276, 2.03582172503, 1, 13.1975499305, 0.0, 0.0, -22.2898597717
215747.188642, 2546134.5474, 27.8465386007, 6.07686567307, -0.0916267484426, -0.0195154308568, 0.341583584281, 1580910330.8279, 2.01996673807, 1, 13.2583185872, 0.0, 0.0, -10.8372859955
215746.899356, 2546135.14765, 27.846554985, 6.06263589859, -0.371313661337, -0.0281659984451, -0.142686576152, 1580910330.9281, 1.99837364903, 1, 13.3189449462, 0.0, 0.0, -15.6237230301
215746.625575, 2546135.75171, 27.8465890035, 6.03456640244, -0.0296427141875, -0.0311778410789, -0.0499098432759, 1580910331.0278, 1.96977566636, 1, 13.3792906102, 0.0, 0.0, -17.2860813141
215746.38704, 2546136.31577, 27.8458101908, 6.05676603317, 5.45662927628, -0.0129780420699, 0.30048707362, 1580910331.1280, 1.95390515072, 1, 13.4398582706, 100.0, 0.0, -7.21108913422
215746.163903, 2546136.86644, 27.8436092576, 6.65016841888, 5.48241996765, -0.0, 0.195153584878, 1580910331.2281, 1.94997771311, 1, 13.5063599548, 100.0, 0.0, -0.0
215745.927092, 2546137.45964, 27.8415992241, 7.25763320923, 5.53046417236, -0.0, 0.0, 1580910331.3277, 1.94930249745, 1, 13.5789362869, 100.0, 0.0, -0.0
215745.586559, 2546138.31606, 27.8398097865, 7.81669187546, 5.58682870865, -0.0, 0.0, 1580910331.4278, 1.94921251914, 1, 13.6571032056, 100.0, 0.0, -0.0
215745.343073, 2546138.92879, 27.8390824031, 8.43782234192, 5.62115335464, -0.0, 0.0, 1580910331.5278, 1.94925145743, 1, 13.741481429, 100.0, 0.0, -0.0
215744.991111, 2546139.8144, 27.8393103583, 8.70998859406, -0.223964512348, -0.0, 0.0, 1580910331.6277, 1.94932260378, 1, 13.828581315, 0.0, 0.0, -0.0
215744.701976, 2546140.54161, 27.8411930762, 8.69020652771, -0.212233364582, -0.0, 0.0, 1580910331.7277, 1.94933690629, 1, 13.9154833802, 0.0, 0.0, -0.0
215744.317196, 2546141.50917, 27.8434281154, 8.67037773132, -0.197528377175, -0.0, 0.0, 1580910331.8277, 1.9493381227, 1, 14.0021871576, 0.0, 0.0, -0.0
215743.997187, 2546142.31381, 27.844595341, 8.67037773132, -0.187757536769, -0.0, 0.0, 1580910331.9275, 1.94933678524, 1, 14.0888909349, 0.0, 0.0, -0.0
215743.70814, 2546143.04058, 27.8448693394, 8.64879798889, 5.47332382202, -0.0, 0.0, 1580910332.0279, 1.94933914495, 1, 14.1753789148, 0.0, 0.0, -0.0
215743.337808, 2546143.97191, 27.843126636, 9.04854869843, -0.138188451529, -0.0, 0.0, 1580910332.1277, 1.94939642765, 1, 14.2658644017, 100.0, 0.0, -0.0
215742.997779, 2546144.82684, 27.8434343757, 9.20649623871, -0.208683669567, -0.0, 0.0, 1580910332.2277, 1.94942051407, 1, 14.3579293641, 0.0, 0.0, -0.0
215742.692366, 2546145.59462, 27.8441824322, 9.18727493286, -0.24667391181, -0.0, 0.0, 1580910332.3279, 1.94868183521, 1, 14.4498021135, 0.0, 0.0, -0.0
215742.320554, 2546146.53127, 27.8449302549, 9.1669549942, -0.196995720267, -0.00296257167002, -0.0323179471471, 1580910332.4277, 1.94546644435, 1, 14.5414716634, 0.0, 0.0, -1.64682769775
215742.0186, 2546147.29671, 27.8453209763, 9.14580726624, -0.193555861712, -0.0, 0.0323926755045, 1580910332.5279, 1.94479239595, 1, 14.6329297361, 0.0, 0.0, -0.0
215741.684775, 2546148.14597, 27.8455772232, 9.12473869324, -0.191384613514, -0.0, 0.0, 1580910332.6279, 1.94459642283, 1, 14.724177123, 0.0, 0.0, -0.0
215741.352076, 2546148.99364, 27.8457155153, 9.10373401642, -0.189863920212, -0.0, 0.0, 1580910332.7277, 1.9445482662, 1, 14.8152144632, 0.0, 0.0, -0.0
215740.987079, 2546149.92412, 27.8457926111, 9.0827922821, -0.18909689784, -0.0, 0.0, 1580910332.8278, 1.94453441458, 1, 14.906042386, 0.0, 0.0, -0.0
215740.656042, 2546150.76818, 27.8458277192, 9.06380271912, -0.188400864601, -0.0, 0.0, 1580910332.9279, 1.94452968557, 1, 14.9966804132, 0.0, 0.0, -0.0
215740.325711, 2546151.61049, 27.8458464276, 9.04295825958, -0.187604904175, -0.0, 0.0, 1580910333.0290, 1.94452680173, 1, 15.0871099958, 0.0, 0.0, -0.0
215740.029008, 2546152.36706, 27.8458565352, 9.02217388153, -0.187172070146, -0.0, 0.0, 1580910333.1280, 1.94452489121, 1, 15.1773317346, 0.0, 0.0, -0.0
215739.667131, 2546153.28984, 27.8458647714, 9.00333690643, -0.186291590333, -0.0, 0.0, 1580910333.2280, 1.94452254388, 1, 15.2673651036, 0.0, 0.0, -0.0
215739.371668, 2546154.04326, 27.8458697503, 8.98081302643, -0.186092153192, -0.0, 0.0, 1580910333.3306, 1.94452063211, 1, 15.3571732339, 0.0, 0.0, -0.0
215739.011302, 2546154.96219, 27.8458753866, 8.98081302643, -0.185612902045, -0.0, 0.0, 1580910333.4278, 1.94451774521, 1, 15.4469813642, 0.0, 0.0, -0.0
215738.749737, 2546155.62918, 27.8458789722, 8.96020126343, -0.185327172279, -0.0, 0.0, 1580910333.5281, 1.94451633417, 1, 15.5365833768, 0.0, 0.0, -0.0
215738.325628, 2546156.71067, 27.8458848512, 8.94151496887, -0.18437603116, -0.0, 0.0, 1580910333.6280, 1.94451344705, 1, 15.6259985265, 0.0, 0.0, -0.0
215738.032688, 2546157.45767, 27.8458889029, 8.92104053497, -0.184282556176, -0.0, 0.0, 1580910333.7280, 1.94451153482, 1, 15.7152089318, 0.0, 0.0, -0.0
215737.740298, 2546158.20328, 27.8458927516, 8.90060138702, -0.183999091387, -0.0, 0.0, 1580910333.8280, 1.94450962258, 1, 15.8042149457, 0.0, 0.0, -0.0
215737.383679, 2546159.11267, 27.8458976815, 8.88205623627, -0.183334678411, -0.0, 0.0, 1580910333.9279, 1.94450777523, 1, 15.8930355081, 0.0, 0.0, -0.0
215737.092508, 2546159.85518, 27.8459015703, 8.86357021332, -0.182669609785, -0.0, 0.0, 1580910334.0283, 1.94450536187, 1, 15.9816712102, 0.0, 0.0, -0.0
215736.70159, 2546160.85209, 27.8451905479, 8.84330558777, 5.56844568253, -0.0, 0.0, 1580910334.1279, 1.94451302091, 1, 16.0701042661, 0.0, 0.0, -0.0
215736.39208, 2546161.64155, 27.8429368041, 9.35978031158, 4.30656909943, -0.0, 0.0, 1580910334.2279, 1.94456563766, 1, 16.1637020692, 100.0, 0.0, -0.0
215736.040175, 2546162.53904, 27.8424523394, 9.63886547089, -0.224817335606, -0.0, 0.0, 1580910334.3279, 1.9446221131, 1, 16.2600907239, 0.0, 0.0, -0.0
215735.653943, 2546163.52377, 27.843501973, 9.61860084534, -0.218961000443, -0.0, 0.0, 1580910334.4278, 1.94463441223, 1, 16.3562767324, 0.0, 0.0, -0.0
215735.367202, 2546164.25482, 27.843101548, 9.83950233459, 5.68035507202, -0.0, 0.0, 1580910334.5279, 1.94465418213, 1, 16.4546717557, 100.0, 0.0, -0.0
215734.993287, 2546165.20822, 27.8418289404, 10.2982234955, -0.234032317996, -0.0, 0.0, 1580910334.6279, 1.94472256716, 1, 16.5576539907, 0.0, 0.0, -0.0
215734.580349, 2546166.2608, 27.8427169053, 10.2745933533, -0.239650934935, -0.0, 0.0, 1580910334.7279, 1.94475200663, 1, 16.6603999242, 0.0, 0.0, -0.0
215734.280609, 2546167.02468, 27.8435996748, 10.2525835037, -0.232294157147, -0.0, 0.0, 1580910334.8281, 1.94475645411, 1, 16.7629257592, 0.0, 0.0, -0.0
215733.831899, 2546168.16814, 27.8445746675, 10.2284030914, -0.225245639682, -0.0, 0.0, 1580910334.9283, 1.94475575236, 1, 16.8652097902, 0.0, 0.0, -0.0
215733.458813, 2546169.11885, 27.8450470231, 10.20429039, -0.221047416329, -0.0, 0.0, 1580910335.0279, 1.94475378353, 1, 16.9672526941, 0.0, 0.0, -0.0
215733.049615, 2546170.16203, 27.8453505035, 10.1707620621, -0.387433201075, -0.0201109395164, -0.197732867938, 1580910335.1281, 1.93727838563, 1, 17.0689603147, 0.0, 0.0, -11.1672716141
215732.719402, 2546171.0145, 27.8454793156, 10.1475553513, -0.200270280242, -0.0010466892545, 0.187870374706, 1580910335.2276, 1.92298939638, 1, 17.1704358682, 0.0, 0.0, -0.58184337616
215732.363723, 2546171.96387, 27.8455331218, 10.1475553513, -0.216870993376, -0.0010466892545, 0.0, 1580910335.3278, 1.91603889841, 1, 17.2719114217, 0.0, 0.0, -0.58184337616
215732.017336, 2546172.91431, 27.8455618341, 10.1235961914, -0.214808776975, -0.0, 0.0103391051432, 1580910335.4278, 1.91423929108, 1, 17.3731473836, 0.0, 0.0, -0.0
215731.675594, 2546173.86413, 27.8455788721, 10.0996990204, -0.213987365365, -0.0, 0.0, 1580910335.5277, 1.91376292498, 1, 17.4741443738, 0.0, 0.0, -0.0
215731.403904, 2546174.62295, 27.8455884927, 10.0759458542, -0.213493660092, -0.0, 0.0, 1580910335.6281, 1.91364733204, 1, 17.5749038324, 0.0, 0.0, -0.0
215730.998002, 2546175.75902, 27.8455997845, 10.052280426, -0.212819829583, -0.0, 0.0, 1580910335.7278, 1.91359604438, 1, 17.6754266366, 0.0, 0.0, -0.0
215730.660804, 2546176.70361, 27.8456075848, 10.0308256149, -0.212439507246, -0.0, 0.0, 1580910335.8278, 1.91358474322, 1, 17.7757348928, 0.0, 0.0, -0.0
215730.3244, 2546177.64622, 27.8456143537, 10.0072908401, -0.211869880557, -0.0, 0.0, 1580910335.9277, 1.9135790598, 1, 17.8758078012, 0.0, 0.0, -0.0
215729.98876, 2546178.58676, 27.8456251048, 9.98323822021, -0.299860686064, -0.00788758382559, -0.0790082701785, 1580910336.0280, 1.91150041454, 1, 17.9756401834, 0.0, 0.0, -4.38389825821
215729.688573, 2546179.43151, 27.8456433527, 9.95676517487, -0.199411377311, -0.0052826221524, 0.0261627308412, 1580910336.1277, 1.90198105123, 1, 18.0752078351, 0.0, 0.0, -2.93634009361
215729.29718, 2546180.55811, 27.845643681, 9.93340110779, -0.251229524612, -0.0037745136985, 0.0151821962844, 1580910336.2280, 1.89570157373, 1, 18.1745418462, 0.0, 0.0, -2.09813714027
215729.010173, 2546181.40236, 27.8456837009, 9.89683246613, -0.390241265297, -0.0218763892222, -0.18290574874, 1580910336.3280, 1.88263029734, 1, 18.2735101709, 0.0, 0.0, -12.1451663971
215728.702307, 2546182.34113, 27.8456901363, 9.87245178223, -0.191006690264, -0.00469786265551, 0.174004664147, 1580910336.4279, 1.86310976385, 1, 18.3722346887, 0.0, 0.0, -2.61134338379
215728.410679, 2546183.28297, 27.8456709171, 9.84947872162, -0.209487169981, -0.0, 0.0476965612932, 1580910336.5276, 1.8557405771, 1, 18.4707294759, 0.0, 0.0, -0.0
215728.185476, 2546184.03709, 27.8456790531, 9.8198595047, -0.368946075439, -0.0180158228064, -0.183463142195, 1580910336.6281, 1.85039716304, 1, 18.5689280709, 0.0, 0.0, -10.0060462952
215727.85915, 2546185.16645, 27.8457926055, 9.75937747955, -0.718172550201, -0.038948869104, -0.214491614259, 1580910336.7278, 1.82197609069, 1, 18.6665218457, 0.0, 0.0, -21.5630474091
215727.610832, 2546186.10568, 27.8460157802, 9.75937747955, -0.911207199097, -0.038948869104, 0.0, 1580910336.8280, 1.77379467285, 1, 18.7641156205, 0.0, 0.0, -21.5630474091
215727.405683, 2546187.04313, 27.846369267, 9.65240859985, -1.72396028042, -0.0599900232716, -0.217988639312, 1580910336.9278, 1.70366639638, 1, 18.8606397065, 0.0, 0.0, -33.0285606384
215727.265543, 2546187.97451, 27.8469204144, 9.50407600403, -2.01610183716, -0.0779270050179, -0.188729359264, 1580910337.0280, 1.61249267228, 1, 18.9556804666, 0.0, 0.0, -42.6270484924
215727.210748, 2546188.89069, 27.8477169424, 9.27253246307, -2.97285079956, -0.098728941874, -0.224339326273, 1580910337.1283, 1.50276671405, 1, 19.0484057912, 0.0, 0.0, -53.499256134
215727.244608, 2546189.69124, 27.8486242821, 9.00057220459, -2.07248210907, -0.118794614766, -0.222937747019, 1580910337.2280, 1.39100710757, 1, 19.1384115133, 0.0, 0.0, -63.674156189
215727.401228, 2546190.63697, 27.8490588542, 8.76883506775, -1.917293787, -0.102397838876, 0.186989215369, 1580910337.3281, 1.25861633275, 1, 19.2260998639, 0.0, 0.0, -55.3839378357
215727.59049, 2546191.29403, 27.8494420629, 8.57883262634, -1.24143314362, -0.111455652049, -0.10558328351, 1580910337.4278, 1.16490842607, 1, 19.3118881902, 0.0, 0.0, -59.9910736084
215727.981461, 2546192.22101, 27.8498753724, 8.41765499115, -2.36929869652, -0.108566480784, 0.0343227569664, 1580910337.5277, 1.02863978356, 1, 19.3960647401, 0.0, 0.0, -58.5287628174
215728.393551, 2546192.92765, 27.8502744245, 8.23145866394, -0.757713198662, -0.107523316149, 0.0126729013426, 1580910337.6280, 0.913520973657, 1, 19.4783793267, 0.0, 0.0, -57.9990997314
215728.828125, 2546193.51477, 27.8500135271, 8.14995479584, -0.133936718106, -0.0871602621295, 0.249854809375, 1580910337.7278, 0.821681864363, 1, 19.5598788747, 0.0, 0.0, -47.4903640747
215729.37088, 2546194.11549, 27.8494012961, 8.11530303955, 0.0255586504936, -0.0642343111995, 0.282502708997, 1580910337.8280, 0.737515791767, 1, 19.6410319051, 0.0, 0.0, -35.3162117004
215730.02369, 2546194.72028, 27.8486032439, 8.09870529175, -0.0431790091097, -0.045458074342, 0.231842451122, 1580910337.9279, 0.66736079977, 1, 19.722018958, 0.0, 0.0, -25.1297588348
215730.653137, 2546195.22825, 27.8479112608, 8.08889198303, -0.0128188766539, -0.0230024467817, 0.277610674087, 1580910338.0280, 0.623290324751, 1, 19.8029078778, 0.0, 0.0, -12.7685813904
215731.239, 2546195.65967, 27.8473735428, 8.08889198303, -0.0893949195743, -0.0230024467817, 0.0, 1580910338.1280, 0.599095590424, 1, 19.8837967977, 0.0, 0.0, -12.7685813904
215731.835604, 2546196.07448, 27.8469456607, 8.07583427429, -0.15461602807, -0.00368608410067, 0.239187209952, 1580910338.2279, 0.589425722122, 1, 19.9645551404, 0.0, 0.0, -2.04898548126
215732.570447, 2546196.56922, 27.8466137827, 8.05909729004, -0.32402870059, -0.00895969905793, -0.0654367948106, 1580910338.3282, 0.5789447579, 1, 20.0451461133, 0.0, 0.0, -4.97953367233
215733.240568, 2546197.0086, 27.8465295008, 8.02820205688, -0.718294024467, -0.0284075573141, -0.24224425492, 1580910338.4279, 0.553375649757, 1, 20.1254281339, 0.0, 0.0, -15.7571363449
215733.779863, 2546197.34657, 27.8466046243, 7.96961116791, -0.783893764019, -0.0469043373278, -0.232091373393, 1580910338.5280, 0.519289358918, 1, 20.2051242456, 0.0, 0.0, -25.9200325012
215734.599716, 2546197.8146, 27.846868688, 7.88498544693, -1.42510604858, -0.0641541360566, -0.218767667296, 1580910338.6279, 0.447858030504, 1, 20.2839741, 0.0, 0.0, -35.2730865479
215735.154727, 2546198.08974, 27.8471800382, 7.7639875412, -0.705613791943, -0.0868271219542, -0.292027592487, 1580910338.7280, 0.386705694828, 1, 20.3616139754, 0.0, 0.0, -47.3158988953
215736.007144, 2546198.43651, 27.8473510556, 7.69595050812, -1.12225532532, -0.0794916453964, 0.0953160568023, 1580910338.8279, 0.294003085596, 1, 20.4385734805, 0.0, 0.0, -43.4551467896
215736.726676, 2546198.65867, 27.8478290406, 7.52614688873, -1.67869269848, -0.0999489056335, -0.271815851319, 1580910338.9280, 0.20695427146, 1, 20.5138349494, 0.0, 0.0, -54.1270980835
215737.372813, 2546198.7996, 27.8485405562, 7.33736658096, -2.43530678749, -0.125466795787, -0.347779954449, 1580910339.0280, 0.116184414434, 1, 20.5872086152, 0.0, 0.0, -66.9823074341
215738.079742, 2546198.88223, 27.8495753473, 7.0851316452, -2.64553689957, -0.147440280821, -0.310135169456, 1580910339.1280, 0.00214359700588, 1, 20.6580599317, 0.0, 0.0, -77.5910797119
215738.76499, 2546198.88132, 27.8506774073, 6.86573457718, -1.23077058792, -0.138665073139, 0.127811635928, 1580910339.2276, -0.121744369303, 1, 20.7267172775, 0.0, 0.0, -73.4083633423
215739.564054, 2546198.77056, 27.8508941624, 6.78203487396, -1.18289649487, -0.13217118073, 0.0957513862643, 1580910339.3310, -0.261445930457, 1, 20.7945376262, 0.0, 0.0, -70.266494751
215740.137261, 2546198.61741, 27.8511798084, 6.78203487396, -2.33354878426, -0.13217118073, 0.0, 1580910339.4291, -0.363535852739, 1, 20.8623579749, 0.0, 0.0, -70.266494751
215740.792298, 2546198.35695, 27.8515738463, 6.55963087082, -0.345142006874, -0.14746763631, -0.233190798097, 1580910339.5281, -0.491490285788, 1, 20.9279542836, 0.0, 0.0, -77.6040039062
215741.296829, 2546198.08563, 27.8511981796, 6.47986221313, 0.161341100931, -0.125644869719, 0.336778250423, 1580910339.6302, -0.586370226068, 1, 20.9927529058, 0.0, 0.0, -67.07006073
215741.877217, 2546197.69229, 27.850334839, 6.45175504684, -0.319356262684, -0.10510458216, 0.31836744281, 1580910339.7299, -0.685553668741, 1, 21.0572704562, 0.0, 0.0, -56.7676086426
215742.223134, 2546197.41419, 27.8499882843, 6.39262962341, -1.41810464859, -0.111411609605, -0.0986609238569, 1580910339.8297, -0.744996813289, 1, 21.1211967525, 0.0, 0.0, -59.9688339233
215742.809159, 2546196.85181, 27.8496183292, 6.31189727783, 0.264900684357, -0.101461409982, 0.157641976502, 1580910339.9374, -0.858265127735, 1, 21.1843157253, 0.0, 0.0, -54.9038963318
215743.255148, 2546196.32829, 27.8489022702, 6.30241012573, 0.202581599355, -0.0773576605254, 0.382452886679, 1580910340.0364, -0.938362832202, 1, 21.2473398265, 0.0, 0.0, -42.3253288269
215743.590057, 2546195.87369, 27.8482896944, 6.30351018906, 0.0107560614124, -0.059509791012, 0.283141757181, 1580910340.1368, -0.990105388042, 1, 21.3103749284, 0.0, 0.0, -32.7691268921
215743.888221, 2546195.42361, 27.8494556816, 5.55307245255, -7.72400999069, -0.0375912042907, 0.394710980428, 1580910340.2366, -1.02885824693, 1, 21.3659056529, 0.0, 100.0, -20.8172073364
215744.208872, 2546194.89065, 27.8530055732, 4.68400716782, -7.85949420929, -0.0154835468673, 0.471981716324, 1580910340.3364, -1.05802848655, 1, 21.4127457246, 0.0, 100.0, -8.60158348083
215744.401841, 2546194.54909, 27.855072177, 4.68400716782, -7.89970827103, -0.0154835468673, 0.0, 1580910340.4365, -1.0659973168, 1, 21.4595857963, 0.0, 100.0, -8.60158348083
215744.591509, 2546194.20577, 27.8566944562, 3.72838044167, -7.88675403595, -0.0, 0.41528881265, 1580910340.5365, -1.0669771839, 1, 21.4968696007, 0.0, 100.0, -0.0
215744.711853, 2546193.98727, 27.8574594557, 2.93238925934, -7.86826372147, -0.0, 0.0, 1580910340.6364, -1.06701995378, 1, 21.5261934933, 0.0, 100.0, -0.0
215744.801227, 2546193.8251, 27.8579051839, 2.1377427578, -7.85484361649, -0.0, 0.0, 1580910340.7369, -1.06704773579, 1, 21.5475709209, 0.0, 100.0, -0.0
215744.872137, 2546193.69648, 27.8575780308, 1.26505088806, 0.0533286333084, -0.0, 0.0, 1580910340.8366, -1.0670716936, 1, 21.5602214297, 0.0, 100.0, -0.0
215744.929297, 2546193.59276, 27.8543986622, 1.17640423775, 0.0336916744709, -0.0, 0.0, 1580910340.9372, -1.06707774539, 1, 21.5719854721, 0.0, 0.0, -0.0
215744.992034, 2546193.47892, 27.8510940154, 1.1741656065, 0.0100391097367, -0.0, 0.0, 1580910341.0368, -1.06713229896, 1, 21.5837271282, 0.0, 0.0, -0.0
215745.048669, 2546193.37585, 27.8491392331, 1.17158770561, -0.0210627820343, -0.014874939103, -1.26963939889, 1580910341.1365, -1.06901627025, 1, 21.5954430052, 0.0, 0.0, -8.26389598846
215745.104516, 2546193.2732, 27.8480209652, 1.16746878624, -0.0772665515542, -0.0313382790861, -1.41017388877, 1580910341.2364, -1.07352132123, 1, 21.6071176931, 0.0, 0.0, -17.3745651245
215745.153733, 2546193.18117, 27.8474831041, 1.16120409966, -0.0628826543689, -0.0518373228763, -1.7653265086, 1580910341.3366, -1.08000409931, 1, 21.6187297341, 0.0, 0.0, -28.6089572906
215745.212114, 2546193.06921, 27.8471730193, 1.15291070938, -0.129333406687, -0.0719620905286, -1.74556168909, 1580910341.4366, -1.09074368761, 1, 21.6302588412, 0.0, 0.0, -39.4559402466
215745.248451, 2546192.99783, 27.8470494675, 1.15272378922, 0.0686795711517, -0.0545278234803, 1.51244098642, 1580910341.5366, -1.09755293358, 1, 21.6417860791, 0.0, 0.0, -30.0709877014
215745.310112, 2546192.87463, 27.8469014764, 1.15306007862, 0.0413813814521, -0.0330753490581, 1.86048193151, 1580910341.6398, -1.10638711539, 1, 21.6533166799, 0.0, 0.0, -18.3321170807
215745.361068, 2546192.77151, 27.8468442797, 1.15306007862, -0.0352321639657, -0.0330753490581, 0.0, 1580910341.7365, -1.11138051462, 1, 21.6648472807, 0.0, 0.0, -18.3321170807
215745.416024, 2546192.65842, 27.8468557647, 1.14949369431, -0.0820984467864, -0.0435627674903, -0.9123511059, 1580910341.8365, -1.11919661232, 1, 21.6763422176, 0.0, 0.0, -24.0928630829
215745.459606, 2546192.56636, 27.8468904428, 1.14119899273, -0.0967629700899, -0.0649476068653, -1.87389224064, 1580910341.9364, -1.12803403916, 1, 21.6877542075, 0.0, 0.0, -35.6997299194
215745.501572, 2546192.47486, 27.8469386564, 1.13187730312, -0.135919094086, -0.0852911446948, -1.79732712843, 1580910342.0365, -1.13895809218, 1, 21.6990729806, 0.0, 0.0, -46.5105133057
215745.550112, 2546192.36418, 27.8470148405, 1.11608958244, -0.234434142709, -0.105507081198, -1.81131844798, 1580910342.1366, -1.15506705545, 1, 21.7102338764, 0.0, 0.0, -56.9728660583
215745.583116, 2546192.28487, 27.8470904371, 1.09600639343, -0.370686233044, -0.128513568444, -2.099119803, 1580910342.2363, -1.16865270638, 1, 21.7211939403, 0.0, 0.0, -68.4798202515
215745.630976, 2546192.16352, 27.8476667288, 1.01615309715, -7.62507581711, -0.112033636781, 1.62179613582, 1580910342.3363, -1.18902833056, 1, 21.7313554713, 0.0, 100.0, -60.2827835083
215745.642785, 2546192.13249, 27.8501064572, 0.1562949121, -7.77911138535, -0.0914301482404, 13.182443538, 1580910342.4362, -1.19328153091, 1, 21.7329184204, 0.0, 100.0, -49.7195587158
215745.642943, 2546192.13261, 27.8512902418, 0.000906613480765, 0.0105161834508, -0.0709959382976, 2253.90537162, 1580910342.5365, -1.19329268476, 1, 21.7329274866, 0.0, 100.0, -38.9402656555
215745.642929, 2546192.13242, 27.8501076763, 0.00166125083342, 0.0234116576612, -0.0524566910614, 1115.98121507, 1580910342.6366, -1.1932946423, 1, 21.7329440991, 0.0, 100.0, -28.9458179474
215745.642903, 2546192.1322, 27.8488014909, 0.00135465408675, 0.0184826776385, -0.032697503413, 1458.61499563, 1580910342.7392, -1.19329613715, 1, 21.7329576456, 0.0, 100.0, -18.1239051819
215745.642883, 2546192.13204, 27.8478322946, 0.000832527293824, 0.0122275799513, -0.0170113459147, 1884.16134999, 1580910342.8365, -1.19329648252, 1, 21.7329659709, 0.0, 0.0, -9.44905471802
215745.642871, 2546192.13196, 27.847329363, 0.000470541388495, 0.00653663184494, -0.0, 3615.27090509, 1580910342.9365, -1.19329649765, 1, 21.7329706763, 0.0, 0.0, -0.0
215745.642864, 2546192.13192, 27.8470790267, 0.000225207957556, 0.00345280067995, -0.0, 0.0, 1580910343.0365, -1.19329657448, 1, 21.7329729284, 0.0, 0.0, -0.0
215745.642861, 2546192.13189, 27.8469431037, 0.000225207957556, 0.00186634156853, -0.0, 0.0, 1580910343.1366, -1.19329681783, 1, 21.7329751804, 0.0, 0.0, -0.0
215745.642856, 2546192.13188, 27.8468577925, 0.000100979574199, 0.000790013000369, -0.0, 0.0, 1580910343.2363, -1.19329659224, 1, 21.7329761902, 0.0, 0.0, -0.0
215745.642855, 2546192.13187, 27.8468321641, 4.8505844461e-05, 0.000436682370491, -0.0, 0.0, 1580910343.3365, -1.19329682274, 1, 21.7329766753, 0.0, 0.0, -0.0
215745.642853, 2546192.13187, 27.8468156718, 2.38704051299e-05, 0.000189105325262, -0.0, 0.0, 1580910343.4364, -1.19329659308, 1, 21.732976914, 0.0, 0.0, -0.0
215745.642852, 2546192.13187, 27.846809281, 1.44706573337e-05, 8.32741279737e-05, -0.0, 0.0, 1580910343.5366, -1.19329659312, 1, 21.7329770587, 0.0, 0.0, -0.0
215745.642852, 2546192.13186, 27.846807563, 1.11341414595e-05, 5.17894550285e-05, -0.0, 0.0, 1580910343.6386, -1.19329659312, 1, 21.7329771701, 0.0, 100.0, -0.0
215745.642851, 2546192.13186, 27.84680644, 4.75648266729e-06, 2.1626607122e-05, -0.0, 0.0, 1580910343.7363, -1.19329659313, 1, 21.7329772176, 0.0, 0.0, -0.0
215745.642851, 2546192.13186, 27.8468061825, 2.6848035759e-06, 1.46546753967e-05, -0.0, 0.0, 1580910343.8364, -1.19329634245, 1, 21.7329772445, 0.0, 0.0, -0.0
215745.642851, 2546192.13186, 27.8468060645, 9.87843804978e-07, 9.29066754907e-06, -0.0, 0.0, 1580910343.9365, -1.19329634245, 1, 21.7329772543, 0.0, 0.0, -0.0
215745.642851, 2546192.13186, 27.8468059995, 6.52032269954e-07, 6.70918325341e-06, -0.0, 0.0, 1580910344.0365, -1.19329634245, 1, 21.7329772609, 0.0, 0.0, -0.0
215745.642851, 2546192.13186, 27.8468057781, 1.42739804687e-06, 7.03472596797e-06, -0.0, 0.0, 1580910344.1366, -1.19329659313, 1, 21.7329772751, 0.0, 0.0, -0.0
215745.642851, 2546192.13186, 27.8468058072, 7.99889619429e-07, 6.98438043401e-06, -0.0, 0.0, 1580910344.2366, -1.19329659313, 1, 21.7329772831, 0.0, 0.0, -0.0
215745.642851, 2546192.13186, 27.8468060216, 6.90285673954e-07, 6.86849398335e-06, -0.0, 0.0, 1580910344.3366, -1.19329634245, 1, 21.73297729, 0.0, 0.0, -0.0
215745.642851, 2546192.13186, 27.8468057702, 6.90285673954e-07, 1.23910303955e-05, -0.0, 0.0, 1580910344.4365, -1.19329659313, 1, 21.7329772969, 0.0, 0.0, -0.0
215745.642851, 2546192.13186, 27.8468057748, 1.17091974516e-06, 1.23405006889e-05, -0.0, 0.0, 1580910344.5366, -1.19329659313, 1, 21.7329773087, 0.0, 0.0, -0.0
215745.642851, 2546192.13186, 27.8468060729, 3.40680372801e-07, 4.00141516366e-06, -0.0, 0.0, 1580910344.6368, -1.19329634245, 1, 21.7329773121, 0.0, 0.0, -0.0
215745.642851, 2546192.13186, 27.8468057748, 4.11256536381e-07, 9.7011870821e-06, -0.0, 0.0, 1580910344.7364, -1.19329659313, 1, 21.7329773162, 0.0, 0.0, -0.0
215745.642851, 2546192.13186, 27.8468060726, 1.38591269661e-06, 1.55227326104e-06, -0.0, 0.0, 1580910344.8368, -1.19329634245, 1, 21.73297733, 0.0, 0.0, -0.0
215745.642851, 2546192.13186, 27.8468057737, 5.69614428514e-07, 1.23249674289e-05, -0.0, 0.0, 1580910344.9369, -1.19329659313, 1, 21.7329773357, 0.0, 0.0, -0.0
215745.642851, 2546192.13186, 27.8468060498, 1.14714578103e-06, 1.21365083032e-05, -0.0, 0.0, 1580910345.0371, -1.19329634245, 1, 21.7329773472, 0.0, 0.0, -0.0
215745.642851, 2546192.13186, 27.8468058119, 8.53191863825e-07, 1.21919492813e-05, -0.0, 0.0, 1580910345.1363, -1.19329659313, 1, 21.7329773557, 0.0, 0.0, -0.0
215745.642851, 2546192.13186, 27.84680605, 7.57694920139e-07, 4.27655913882e-06, -0.0, 0.0, 1580910345.2365, -1.19329634245, 1, 21.7329773633, 0.0, 0.0, -0.0
215745.642851, 2546192.13186, 27.84680605, 6.95170172094e-07, 4.27673512604e-06, -0.0, 0.0, 1580910345.3365, -1.19329634245, 1, 21.7329773703, 0.0, 0.0, -0.0
215745.642851, 2546192.13186, 27.8468058114, 6.14749126271e-07, 6.92096728017e-06, -0.0, 0.0, 1580910345.4366, -1.19329659313, 1, 21.7329773764, 0.0, 0.0, -0.0
215745.642851, 2546192.13186, 27.8468058123, 5.88240880006e-07, 9.57134125201e-06, -0.0, 0.0, 1580910345.5366, -1.19329659313, 1, 21.7329773823, 0.0, 0.0, -0.0
215745.642851, 2546192.13186, 27.8468058128, 6.11319933341e-07, 6.93239280736e-06, -0.0, 0.0, 1580910345.6366, -1.19329659313, 1, 21.7329773884, 0.0, 0.0, -0.0
215745.642851, 2546192.13186, 27.8468058123, 6.11319933341e-07, 6.92951289238e-06, -0.0, 0.0, 1580910345.7367, -1.19329659313, 1, 21.7329773945, 0.0, 0.0, -0.0
215745.642851, 2546192.13186, 27.8468060512, 6.08973721228e-07, 4.29747615271e-06, -0.0, 0.0, 1580910345.8363, -1.19329634245, 1, 21.7329774006, 0.0, 0.0, -0.0
215745.642851, 2546192.13186, 27.8468060512, 6.02075544975e-07, 4.29585861639e-06, -0.0, 0.0, 1580910345.9363, -1.19329634245, 1, 21.7329774066, 0.0, 0.0, -0.0
